substrate,noise,inertia,keep,space,gate,economy,r_min,mean_nodes,mean_edges,mean_triangles,mean_components,mean_isolated_nodes,mean_max_degree,mean_positive_edges,mean_mean_edge_length,repeats,conv_rate,conv_lo,conv_hi,consistent_rate,consistent_lo,consistent_hi,signs_retained,signs_retained_ci,mean_steps_converged,mean_final_balance,draws,draw_rate_lo,draw_rate_hi,draw_rate_min,draw_rate_max
real,0.0,False,0.75,plane,hard,fixed,0.007806794345469825,8.0,25.0,40.0,1.0,0.0,7.0,12.0,0.513894129525817,150,1.0,0.9750288608542812,1.0,1.0,0.9750288608542812,1.0,0.516,0.017934010183246703,1223.3333333333333,1.0,30,1.0,1.0,1.0,1.0
real,0.002,False,0.75,plane,hard,fixed,0.007806794345469825,8.0,25.0,40.0,1.0,0.0,7.0,12.0,0.513894129525817,150,1.0,0.9750288608542812,1.0,1.0,0.9750288608542812,1.0,0.508,0.016972832087862474,2706.3333333333335,1.0,30,1.0,1.0,1.0,1.0
real,0.005,False,0.75,plane,hard,fixed,0.007806794345469825,8.0,25.0,40.0,1.0,0.0,7.0,12.0,0.513894129525817,150,1.0,0.9750288608542812,1.0,1.0,0.9750288608542812,1.0,0.5005333333333333,0.0155874122502489,8230.0,1.0,30,1.0,1.0,1.0,1.0
real,0.01,False,0.75,plane,hard,fixed,0.007806794345469825,8.0,25.0,40.0,1.0,0.0,7.0,12.0,0.513894129525817,150,0.3,0.23240716608801582,0.3775812895702717,1.0,0.9213457380593594,1.0,0.5125333333333333,0.015187965652423946,18932.222222222223,0.8208333333333333,30,0.0,0.6,0.0,0.6
real,0.015,False,0.75,plane,hard,fixed,0.007806794345469825,8.0,25.0,40.0,1.0,0.0,7.0,12.0,0.513894129525817,150,0.02666666666666667,0.010417772291104764,0.06655490610017561,1.0,0.5100999795960008,1.0,0.5053333333333333,0.014932863527285515,28612.5,0.7201666666666667,30,0.0,0.2,0.0,0.2
real,0.02,False,0.75,plane,hard,fixed,0.007806794345469825,8.0,25.0,40.0,1.0,0.0,7.0,12.0,0.513894129525817,150,0.006666666666666667,0.0011777710231334546,0.036793752933975674,1.0,0.20654329147389294,1.0,0.508,0.0151583009796812,32550.0,0.6838333333333334,30,0.0,0.054999999999999716,0.0,0.2
real,0.03,False,0.75,plane,hard,fixed,0.007806794345469825,8.0,25.0,40.0,1.0,0.0,7.0,12.0,0.513894129525817,150,0.0,0.0,0.02497113914571871,nan,nan,nan,0.5074666666666667,0.015345587098202404,nan,0.673,30,0.0,0.0,0.0,0.0
real,0.05,False,0.75,plane,hard,fixed,0.007806794345469825,8.0,25.0,40.0,1.0,0.0,7.0,12.0,0.513894129525817,150,0.0,0.0,0.02497113914571871,nan,nan,nan,0.5101333333333333,0.015234069429980443,nan,0.6431666666666667,30,0.0,0.0,0.0,0.0
random,0.0,False,0.75,plane,hard,fixed,0.007806794345469825,8.0,19.0,16.566666666666666,1.0,0.0,6.233333333333333,9.333333333333334,0.5133322628368635,150,1.0,0.9750288608542812,1.0,0.94,0.8899090795570952,0.9681163179946721,0.5792982456140351,0.019134847002125022,891.3333333333334,1.0,30,1.0,1.0,1.0,1.0
random,0.002,False,0.75,plane,hard,fixed,0.007806794345469825,8.0,19.0,16.566666666666666,1.0,0.0,6.233333333333333,9.333333333333334,0.5133322628368635,150,1.0,0.9750288608542812,1.0,0.9333333333333333,0.8816364734751868,0.9633885392651903,0.5431578947368421,0.01900559959599465,1566.0,1.0,30,1.0,1.0,1.0,1.0
random,0.005,False,0.75,plane,hard,fixed,0.007806794345469825,8.0,19.0,16.566666666666666,1.0,0.0,6.233333333333333,9.333333333333334,0.5133322628368635,150,1.0,0.9750288608542812,1.0,0.9133333333333333,0.8573705468757646,0.9486533114304412,0.5298245614035088,0.0175289440892588,4319.0,1.0,30,1.0,1.0,1.0,1.0
random,0.01,False,0.75,plane,hard,fixed,0.007806794345469825,8.0,19.0,16.566666666666666,1.0,0.0,6.233333333333333,9.333333333333334,0.5133322628368635,150,0.74,0.6644342013432283,0.8035796518668268,0.9099099099099099,0.8420670224942228,0.9503287643983318,0.5171929824561403,0.019897251637381774,17132.882882882885,0.9667589257720837,30,0.4,1.0,0.4,1.0
random,0.015,False,0.75,plane,hard,fixed,0.007806794345469825,8.0,19.0,16.566666666666666,1.0,0.0,6.233333333333333,9.333333333333334,0.5133322628368635,150,0.12666666666666668,0.082610643407449,0.18936780715468765,0.9473684210526315,0.7536078466345479,0.99064824750947,0.5080701754385964,0.016093574389121425,19726.315789473683,0.8748351888622786,30,0.0,0.4,0.0,0.4
random,0.02,False,0.75,plane,hard,fixed,0.007806794345469825,8.0,19.0,16.566666666666666,1.0,0.0,6.233333333333333,9.333333333333334,0.5133322628368635,150,0.006666666666666667,0.0011777710231334546,0.036793752933975674,1.0,0.20654329147389294,1.0,0.5010526315789474,0.019387565165473467,23450.0,0.8283889959656214,30,0.0,0.054999999999999716,0.0,0.2
random,0.03,False,0.75,plane,hard,fixed,0.007806794345469825,8.0,19.0,16.566666666666666,1.0,0.0,6.233333333333333,9.333333333333334,0.5133322628368635,150,0.0,0.0,0.02497113914571871,nan,nan,nan,0.5014035087719297,0.017772530085781803,nan,0.8118152205265208,30,0.0,0.0,0.0,0.0
random,0.05,False,0.75,plane,hard,fixed,0.007806794345469825,8.0,19.0,16.566666666666666,1.0,0.0,6.233333333333333,9.333333333333334,0.5133322628368635,150,0.0,0.0,0.02497113914571871,nan,nan,nan,0.5035087719298246,0.017165266722177667,nan,0.7495103267045992,30,0.0,0.0,0.0,0.0
geo,0.0,False,0.75,plane,hard,fixed,0.007806794345469825,8.0,18.766666666666666,19.066666666666666,1.0,0.0,6.7,8.866666666666667,0.4465636946542199,150,1.0,0.9750288608542812,1.0,0.9533333333333334,0.9068124260764263,0.9772137410981221,0.597874667454759,0.019669240603680048,886.6666666666666,1.0,30,1.0,1.0,1.0,1.0
geo,0.002,False,0.75,plane,hard,fixed,0.007806794345469825,8.0,18.766666666666666,19.066666666666666,1.0,0.0,6.7,8.866666666666667,0.4465636946542199,150,1.0,0.9750288608542812,1.0,0.94,0.8899090795570952,0.9681163179946721,0.5459668458165228,0.021560887899072234,1645.0,1.0,30,1.0,1.0,1.0,1.0
geo,0.005,False,0.75,plane,hard,fixed,0.007806794345469825,8.0,18.766666666666666,19.066666666666666,1.0,0.0,6.7,8.866666666666667,0.4465636946542199,150,1.0,0.9750288608542812,1.0,0.9466666666666667,0.8982949952532904,0.9727307871098676,0.5248017038773534,0.020050544130985195,4015.6666666666665,1.0,30,1.0,1.0,1.0,1.0
geo,0.01,False,0.75,plane,hard,fixed,0.007806794345469825,8.0,18.766666666666666,19.066666666666666,1.0,0.0,6.7,8.866666666666667,0.4465636946542199,150,0.7466666666666667,0.6715044398939715,0.809509798127474,0.9553571428571429,0.8997296746265304,0.9807830254742971,0.5145480137574296,0.01619773516036091,14397.767857142857,0.9714037518037518,30,0.345,1.0,0.2,1.0
geo,0.015,False,0.75,plane,hard,fixed,0.007806794345469825,8.0,18.766666666666666,19.066666666666666,1.0,0.0,6.7,8.866666666666667,0.4465636946542199,150,0.23333333333333334,0.17282533850374257,0.3071592690406407,0.9142857142857143,0.7762040092883747,0.970418168994703,0.5162676197261605,0.018562147312386937,18425.714285714286,0.8900345691534147,30,0.0,1.0,0.0,1.0
geo,0.02,False,0.75,plane,hard,fixed,0.007806794345469825,8.0,18.766666666666666,19.066666666666666,1.0,0.0,6.7,8.866666666666667,0.4465636946542199,150,0.09333333333333334,0.056411348659597745,0.15056517784558682,0.9285714285714286,0.6853073044604219,0.9872781138877085,0.5134539409828144,0.019930469064399253,19139.285714285714,0.8412704276984413,30,0.0,0.5099999999999995,0.0,0.8
geo,0.03,False,0.75,plane,hard,fixed,0.007806794345469825,8.0,18.766666666666666,19.066666666666666,1.0,0.0,6.7,8.866666666666667,0.4465636946542199,150,0.0,0.0,0.02497113914571871,nan,nan,nan,0.5166980502322742,0.01972088133582068,nan,0.8171041859291435,30,0.0,0.0,0.0,0.0
geo,0.05,False,0.75,plane,hard,fixed,0.007806794345469825,8.0,18.766666666666666,19.066666666666666,1.0,0.0,6.7,8.866666666666667,0.4465636946542199,150,0.0,0.0,0.02497113914571871,nan,nan,nan,0.5139929683058301,0.020355760287322743,nan,0.7576015742761922,30,0.0,0.0,0.0,0.0
real,0.0,True,0.75,plane,hard,fixed,0.007806794345469825,8.0,25.0,40.0,1.0,0.0,7.0,12.0,0.513894129525817,150,1.0,0.9750288608542812,1.0,1.0,0.9750288608542812,1.0,0.5258666666666666,0.014040035914811158,1903.3333333333333,1.0,30,1.0,1.0,1.0,1.0
real,0.002,True,0.75,plane,hard,fixed,0.007806794345469825,8.0,25.0,40.0,1.0,0.0,7.0,12.0,0.513894129525817,150,1.0,0.9750288608542812,1.0,1.0,0.9750288608542812,1.0,0.5128,0.015976588294445135,2801.3333333333335,1.0,30,1.0,1.0,1.0,1.0
real,0.005,True,0.75,plane,hard,fixed,0.007806794345469825,8.0,25.0,40.0,1.0,0.0,7.0,12.0,0.513894129525817,150,1.0,0.9750288608542812,1.0,1.0,0.9750288608542812,1.0,0.4976,0.015007510092508143,4881.666666666667,1.0,30,1.0,1.0,1.0,1.0
real,0.01,True,0.75,plane,hard,fixed,0.007806794345469825,8.0,25.0,40.0,1.0,0.0,7.0,12.0,0.513894129525817,150,0.9466666666666667,0.8982949952532904,0.9727307871098676,1.0,0.9736590931531194,0.9999999999999999,0.5064000000000001,0.015972456507140135,11436.971830985916,0.9876666666666667,30,0.8,1.0,0.8,1.0
real,0.015,True,0.75,plane,hard,fixed,0.007806794345469825,8.0,25.0,40.0,1.0,0.0,7.0,12.0,0.513894129525817,150,0.62,0.5402429290748867,0.6937639975301408,1.0,0.9603310973796383,0.9999999999999999,0.4984,0.01577843643010837,15831.720430107527,0.9035000000000001,30,0.2,1.0,0.2,1.0
real,0.02,True,0.75,plane,hard,fixed,0.007806794345469825,8.0,25.0,40.0,1.0,0.0,7.0,12.0,0.513894129525817,150,0.22,0.16115929476762675,0.2928245431539757,1.0,0.8957265699643882,1.0,0.5088,0.01614865791086515,20109.090909090908,0.7625,30,0.0,0.45499999999999974,0.0,0.6
real,0.03,True,0.75,plane,hard,fixed,0.007806794345469825,8.0,25.0,40.0,1.0,0.0,7.0,12.0,0.513894129525817,150,0.02,0.006824627715648315,0.05714766586424165,1.0,0.43849391955098227,1.0,0.5173333333333334,0.015047527587700579,25100.0,0.6765,30,0.0,0.2,0.0,0.2
real,0.05,True,0.75,plane,hard,fixed,0.007806794345469825,8.0,25.0,40.0,1.0,0.0,7.0,12.0,0.513894129525817,150,0.0,0.0,0.02497113914571871,nan,nan,nan,0.5095999999999999,0.01568754002157163,nan,0.6473333333333333,30,0.0,0.0,0.0,0.0
random,0.0,True,0.75,plane,hard,fixed,0.007806794345469825,8.0,19.0,16.566666666666666,1.0,0.0,6.233333333333333,9.333333333333334,0.5133322628368635,150,1.0,0.9750288608542812,1.0,0.9266666666666666,0.873463014734016,0.9585616131949707,0.5992982456140351,0.018509779146187684,1116.3333333333333,1.0,30,1.0,1.0,1.0,1.0
random,0.002,True,0.75,plane,hard,fixed,0.007806794345469825,8.0,19.0,16.566666666666666,1.0,0.0,6.233333333333333,9.333333333333334,0.5133322628368635,150,1.0,0.9750288608542812,1.0,0.9,0.8415639255193982,0.9384591631640268,0.5828070175438597,0.018022599927045156,1367.6666666666667,1.0,30,1.0,1.0,1.0,1.0
random,0.005,True,0.75,plane,hard,fixed,0.007806794345469825,8.0,19.0,16.566666666666666,1.0,0.0,6.233333333333333,9.333333333333334,0.5133322628368635,150,1.0,0.9750288608542812,1.0,0.8866666666666667,0.8259959574322895,0.9280263616283548,0.5540350877192982,0.017852720182957246,2382.0,1.0,30,1.0,1.0,1.0,1.0
random,0.01,True,0.75,plane,hard,fixed,0.007806794345469825,8.0,19.0,16.566666666666666,1.0,0.0,6.233333333333333,9.333333333333334,0.5133322628368635,150,1.0,0.9750288608542812,1.0,0.8866666666666667,0.8259959574322895,0.9280263616283548,0.5224561403508772,0.02086328696523427,5726.0,1.0,30,1.0,1.0,1.0,1.0
random,0.015,True,0.75,plane,hard,fixed,0.007806794345469825,8.0,19.0,16.566666666666666,1.0,0.0,6.233333333333333,9.333333333333334,0.5133322628368635,150,0.94,0.8899090795570952,0.9681163179946721,0.9574468085106383,0.9102739993844777,0.9803541074577555,0.49754385964912284,0.017715912294104925,12120.567375886525,0.9925,30,0.745,1.0,0.6,1.0
random,0.02,True,0.75,plane,hard,fixed,0.007806794345469825,8.0,19.0,16.566666666666666,1.0,0.0,6.233333333333333,9.333333333333334,0.5133322628368635,150,0.6266666666666667,0.5470043657114055,0.7000029457050124,0.925531914893617,0.8541862329739056,0.9634618839824809,0.5035087719298246,0.017494957866976947,19425.531914893618,0.9287260724311809,30,0.2,1.0,0.2,1.0
random,0.03,True,0.75,plane,hard,fixed,0.007806794345469825,8.0,19.0,16.566666666666666,1.0,0.0,6.233333333333333,9.333333333333334,0.5133322628368635,150,0.12,0.0772684043967938,0.18170966135395242,0.8888888888888888,0.6719975513339578,0.9689811315464172,0.519298245614035,0.018247602894980692,18100.0,0.8205434120403161,30,0.0,0.4,0.0,0.4
random,0.05,True,0.75,plane,hard,fixed,0.007806794345469825,8.0,19.0,16.566666666666666,1.0,0.0,6.233333333333333,9.333333333333334,0.5133322628368635,150,0.0,0.0,0.02497113914571871,nan,nan,nan,0.4964912280701754,0.018214957625419977,nan,0.759767016437295,30,0.0,0.0,0.0,0.0
geo,0.0,True,0.75,plane,hard,fixed,0.007806794345469825,8.0,18.766666666666666,19.066666666666666,1.0,0.0,6.7,8.866666666666667,0.4465636946542199,150,1.0,0.9750288608542812,1.0,0.94,0.8899090795570952,0.9681163179946721,0.5897557269423267,0.01860580179459436,1138.6666666666667,1.0,30,1.0,1.0,1.0,1.0
geo,0.002,True,0.75,plane,hard,fixed,0.007806794345469825,8.0,18.766666666666666,19.066666666666666,1.0,0.0,6.7,8.866666666666667,0.4465636946542199,150,1.0,0.9750288608542812,1.0,0.96,0.9154854608728422,0.9815410911130964,0.5770798482488481,0.01829584668337201,1440.0,1.0,30,1.0,1.0,1.0,1.0
geo,0.005,True,0.75,plane,hard,fixed,0.007806794345469825,8.0,18.766666666666666,19.066666666666666,1.0,0.0,6.7,8.866666666666667,0.4465636946542199,150,1.0,0.9750288608542812,1.0,0.9733333333333334,0.9334450938998244,0.9895822277088953,0.5625174439722495,0.019247639059629593,2181.6666666666665,1.0,30,1.0,1.0,1.0,1.0
geo,0.01,True,0.75,plane,hard,fixed,0.007806794345469825,8.0,18.766666666666666,19.066666666666666,1.0,0.0,6.7,8.866666666666667,0.4465636946542199,150,1.0,0.9750288608542812,1.0,0.9666666666666667,0.9243471574929044,0.9856797793044249,0.5383678029517981,0.018653049688661823,5890.666666666667,1.0,30,1.0,1.0,1.0,1.0
geo,0.015,True,0.75,plane,hard,fixed,0.007806794345469825,8.0,18.766666666666666,19.066666666666666,1.0,0.0,6.7,8.866666666666667,0.4465636946542199,150,0.8866666666666667,0.8259959574322895,0.9280263616283548,0.9323308270676691,0.8763936967392671,0.963994021615385,0.5282390722925788,0.01944396536594068,11082.706766917294,0.972980569132182,30,0.49,1.0,0.2,1.0
geo,0.02,True,0.75,plane,hard,fixed,0.007806794345469825,8.0,18.766666666666666,19.066666666666666,1.0,0.0,6.7,8.866666666666667,0.4465636946542199,150,0.62,0.5402429290748867,0.6937639975301408,0.978494623655914,0.9249439098234603,0.9940826242280217,0.5254168824661826,0.016713484556526197,15877.41935483871,0.9269504606253333,30,0.145,1.0,0.0,1.0
geo,0.03,True,0.75,plane,hard,fixed,0.007806794345469825,8.0,18.766666666666666,19.066666666666666,1.0,0.0,6.7,8.866666666666667,0.4465636946542199,150,0.17333333333333334,0.12111982318473372,0.24186132105713584,0.9615384615384616,0.811068230080416,0.9931781910230102,0.5026848786598753,0.017031919699168594,21073.076923076922,0.821017278941897,30,0.0,0.7099999999999994,0.0,1.0
geo,0.05,True,0.75,plane,hard,fixed,0.007806794345469825,8.0,18.766666666666666,19.066666666666666,1.0,0.0,6.7,8.866666666666667,0.4465636946542199,150,0.006666666666666667,0.0011777710231334546,0.036793752933975674,1.0,0.20654329147389294,1.0,0.501446402454378,0.01911262295351187,23600.0,0.7204418795440867,30,0.0,0.054999999999999716,0.0,0.2
