country_a,country_b,avg_tone,num_mentions,num_events
C112,C113,-5.7443,677,147
C069,C016,-7.9127,534,89
C015,C145,-3.2827,468,121
C028,C145,-2.3807,430,120
C079,C145,-3.6399,369,126
C006,C145,0.3053,310,74
C015,C069,-2.5497,309,70
C069,C145,-3.4595,288,114
C112,C145,-4.3984,283,64
C018,C082,-1.7673,244,64
C052,C145,-5.9259,242,12
C047,C145,2.3453,241,52
C151,C112,-4.281,209,47
C066,C002,-0.5236,186,57
C036,C145,-1.386,177,33
C065,C145,-1.0625,174,50
C024,C015,4.2424,171,51
C114,C145,-2.3704,156,44
C038,C085,-4.5499,152,36
C024,C101,2.1816,147,37
C091,C145,-1.6747,143,49
C028,C006,-3.6711,143,39
C015,C079,-5.4658,128,54
C018,C035,-2.6445,125,40
C036,C112,-2.7958,122,28
C001,C145,1.7141,120,37
C065,C015,-0.7516,114,12
C101,C145,-0.7445,112,34
C135,C145,-5.6407,105,27
C058,C145,-2.0194,105,23
C047,C039,-0.8294,105,2
C143,C024,-3.0348,102,44
C113,C145,-2.1254,101,29
C015,C112,-4.13,100,23
C091,C015,-0.4398,89,24
C117,C161,3.555,88,16
C108,C018,-2.4316,87,31
C086,C145,1.1929,86,30
C018,C145,-3.9945,83,26
C079,C112,-2.4586,81,29
C036,C091,-1.7862,80,12
C028,C112,-1.9494,79,24
C004,C030,-2.8798,78,28
C024,C112,0.5159,75,19
C163,C145,-3.6211,73,20
C066,C145,-1.5606,73,22
C047,C058,-2.3535,72,12
C145,C041,-1.1071,70,12
C162,C161,-2.611,70,17
C149,C145,-0.1993,69,26
C047,C015,-0.6933,65,29
C146,C131,4.1436,64,14
C101,C036,-3.8857,63,16
C151,C108,-2.8258,62,16
C064,C113,-1.9659,62,28
C065,C035,1.2773,62,14
C145,C140,-3.2373,61,34
C101,C113,-4.1745,60,15
C094,C069,-5.1682,59,19
C162,C099,-4.2057,59,16
C072,C082,-3.9486,58,26
C138,C145,1.0196,58,16
C047,C028,-1.0331,58,16
C100,C015,-7.1627,58,7
C015,C163,0.5661,57,14
C069,C057,-6.5331,57,22
C066,C004,-2.0602,56,18
C098,C145,2.2661,51,13
C036,C015,-2.0363,50,6
C155,C082,3.2909,50,9
C047,C035,-0.8214,50,4
C111,C041,-9.1026,50,7
C085,C104,1.47,50,20
C028,C091,-1.2287,49,11
C015,C019,-3.7796,49,13
C054,C145,-1.1371,49,17
C145,C010,1.7009,49,9
C101,C112,-6.5016,48,11
C048,C145,-2.8435,48,11
C108,C035,-1.104,48,14
C091,C086,-2.9367,48,13
C066,C028,3.2761,47,9
C015,C051,4.1212,47,16
C135,C127,2.6305,46,12
C079,C069,-7.7121,45,18
C149,C112,-4.7971,45,14
C004,C085,-4.8972,44,11
C036,C127,-1.2758,44,14
C101,C091,-1.5342,43,12
C112,C041,-5.4882,42,10
C128,C130,1.7544,40,2
C100,C161,3.555,40,8
C019,C161,3.555,40,12
C036,C113,-3.265,40,11
C025,C036,-3.8068,40,11
C023,C071,-5.7179,40,18
C091,C082,-2.1194,40,7
C091,C029,2.0299,40,3
C035,C145,-3.8375,39,13
C117,C025,-3.8178,39,10
C106,C145,-1.0549,38,13
C023,C106,-0.6768,38,9
C064,C159,-4.6576,38,10
C013,C145,-3.1309,38,10
C145,C021,-1.1324,38,16
C066,C099,1.1338,38,6
C017,C057,1.487,38,11
C091,C057,-1.107,38,7
C131,C145,3.5429,38,5
C015,C086,1.6313,36,11
C004,C038,-2.5783,36,13
C017,C158,0.0,36,4
C079,C155,-2.0159,36,13
C046,C093,-6.6512,36,8
C099,C020,2.7984,35,10
C162,C082,-4.6806,35,3
C065,C058,-3.1511,34,5
C025,C108,3.0534,34,4
C028,C015,-1.3826,34,8
C079,C016,-5.2843,34,13
C008,C112,-3.6387,34,10
C028,C036,-0.9159,34,9
C036,C086,-4.393,34,10
C064,C112,-1.21,34,10
C065,C091,0.845,33,8
C155,C145,1.0034,32,5
C162,C051,-3.0625,32,9
C036,C064,2.0144,32,6
C066,C085,-1.8805,32,4
C015,C104,1.0933,32,12
C155,C018,-4.6011,32,9
C135,C035,-0.9845,31,8
C004,C129,-2.4682,31,13
C099,C051,-4.1625,31,6
C028,C157,3.2761,30,3
C046,C145,-3.2875,30,15
C047,C013,1.2212,30,7
C149,C127,1.2531,30,15
C086,C008,-2.3121,30,8
C103,C048,1.8182,30,10
C015,C099,1.0363,30,3
C079,C108,5.4,30,3
C028,C004,-0.7246,30,10
C025,C091,-1.715,30,10
C019,C155,-0.0623,30,5
C111,C065,0.7519,30,6
C117,C147,-5.0887,30,7
C024,C042,3.3333,30,9
C024,C131,3.5477,30,6
C071,C131,4.703,30,12
C101,C015,4.3474,29,11
C066,C104,-0.7646,29,6
C015,C013,1.7607,29,6
C008,C142,-1.4805,29,9
C024,C108,1.0811,28,4
C004,C069,-2.7837,28,8
C016,C145,-2.4035,28,12
C064,C145,0.89,27,8
C098,C128,0.8327,27,7
C042,C134,4.3977,27,12
C004,C145,-2.2503,26,7
C028,C128,-4.7151,26,6
C135,C149,1.9725,26,10
C098,C021,1.946,26,4
C024,C145,3.2972,26,12
C144,C059,-0.5693,26,12
C015,C016,-4.8283,25,9
C091,C112,-1.7671,25,7
C094,C098,-5.6632,25,5
C066,C044,4.7795,25,5
C015,C008,-2.2897,25,10
C100,C135,1.3765,25,7
C017,C036,-4.0572,25,8
C117,C015,-1.0668,24,6
C122,C112,-1.2184,24,6
C063,C145,-2.7559,24,9
C036,C149,0.1776,24,7
C135,C074,2.657,24,8
C146,C057,-2.9343,24,6
C028,C099,-1.9807,24,7
C101,C001,-11.3628,24,7
C058,C130,6.8783,24,4
C014,C113,-2.1687,24,8
C015,C122,2.4105,23,6
C149,C041,1.292,23,8
C126,C145,-5.0925,22,4
C118,C145,-1.1065,22,7
C007,C145,-0.7338,22,5
C065,C041,3.1588,22,7
C094,C145,0.0,21,6
C069,C086,-1.5458,21,9
C104,C145,-5.5267,21,11
C085,C129,-1.841,21,8
C085,C030,-7.4515,20,5
C069,C029,-2.0224,20,7
C047,C086,2.4658,20,2
C113,C041,-7.0048,20,2
C106,C108,-4.522,20,6
C108,C112,-1.2792,20,6
C151,C145,-4.2774,20,8
C001,C036,-6.2353,20,4
C151,C041,-0.8719,20,2
C115,C145,-3.6827,20,2
C152,C059,3.555,20,6
C046,C148,-5.4894,20,6
C046,C132,-5.4894,20,6
C096,C035,0.4111,20,4
C096,C039,0.4111,20,4
C148,C132,-5.4894,20,6
C122,C057,2.2222,20,2
C035,C082,2.2498,20,3
C150,C145,-2.7691,20,6
C101,C087,-3.3403,20,6
C101,C008,-3.3403,20,6
C025,C087,-3.3403,20,6
C025,C008,-3.3403,20,6
C087,C086,-3.3403,20,6
C087,C142,-3.3403,20,6
C091,C142,-3.3403,20,6
C135,C113,-2.7593,20,6
C036,C142,-3.3403,20,6
C036,C104,4.2373,20,8
C160,C137,1.3263,20,4
C117,C036,-8.8558,20,3
C101,C069,-2.5698,20,3
C100,C087,0.2558,20,3
C100,C068,0.2558,20,4
C087,C068,0.2558,20,4
C098,C089,1.0941,20,3
C095,C112,-7.3478,20,4
C066,C069,-4.4805,20,4
C144,C148,0.9132,20,6
C144,C132,0.9132,20,6
C144,C090,0.9132,20,6
C046,C069,0.9132,20,7
C129,C035,-4.4805,20,7
C035,C113,-8.2631,20,3
C092,C099,-3.6692,20,8
C091,C155,3.6765,20,2
C036,C014,1.8072,20,3
C019,C018,0.995,20,4
C097,C155,1.1628,20,4
C066,C036,-8.3584,20,2
C117,C126,-12.6482,20,4
C117,C101,-12.6482,20,4
C117,C001,-12.6482,20,4
C117,C122,-12.6482,20,4
C117,C055,-12.6482,20,4
C147,C101,-12.6482,20,4
C147,C001,-12.6482,20,4
C147,C122,-12.6482,20,2
C126,C101,-12.6482,20,4
C126,C001,-12.6482,20,4
C126,C122,-12.6482,20,2
C101,C122,-12.6482,20,4
C101,C055,-12.6482,20,4
C001,C122,-12.6482,20,4
C001,C055,-12.6482,20,4
C122,C055,-12.6482,20,2
C018,C057,3.012,20,6
C065,C018,1.25,20,8
C066,C161,0.8333,20,2
C077,C123,2.9412,20,1
C036,C061,5.1282,20,2
C122,C145,0.4696,19,5
C019,C129,1.1905,19,5
C135,C104,-0.7088,19,8
C017,C112,-2.6602,19,6
C080,C145,-1.9977,18,2
C033,C137,1.3373,18,10
C033,C145,0.3938,18,11
C101,C082,0.0,18,6
C028,C073,-15.5172,18,5
C144,C145,1.6189,18,9
C085,C099,2.1889,18,11
C147,C086,-5.9406,18,4
C024,C036,3.4483,18,3
C131,C044,4.0611,18,5
C134,C150,-7.8429,18,4
C111,C026,-0.5319,18,6
C043,C145,-1.4595,17,3
C025,C145,-2.7408,17,9
C072,C018,-2.5249,17,8
C004,C018,-2.346,17,7
C091,C104,4.2502,17,11
C028,C086,5.7355,17,4
C126,C036,-8.3331,17,7
C092,C051,-3.9558,17,5
C028,C058,-3.048,16,6
C029,C113,-2.0224,16,4
C142,C145,-0.477,16,6
C028,C115,-1.3921,16,6
C112,C029,-5.2567,16,8
C145,C002,1.2534,16,10
C101,C057,-0.6383,16,7
C076,C112,-5.5777,16,4
C091,C008,-3.0198,16,3
C030,C145,-4.8987,16,5
C005,C145,-9.5395,16,6
C086,C131,4.9536,16,5
C147,C112,-8.5099,16,7
C091,C069,-5.048,16,3
C042,C011,2.1097,16,5
C070,C101,0.4525,16,2
C015,C107,-5.0741,16,5
C015,C127,2.5341,16,6
C077,C145,2.1869,16,5
C015,C018,-8.2031,16,4
C069,C089,-8.2031,16,3
C079,C146,-12.3894,15,6
C028,C101,-3.1633,15,7
C158,C089,-5.2283,15,3
C151,C015,-6.6885,15,3
C066,C131,1.9516,15,2
C131,C119,3.5477,15,6
C047,C069,-5.379,15,3
C029,C145,-4.0557,14,4
C047,C091,0.5271,14,3
C086,C112,-4.7486,14,4
C028,C029,0.273,14,6
C161,C145,3.555,14,7
C028,C135,-6.6003,14,3
C162,C069,3.4247,14,2
C086,C127,2.7907,14,4
C063,C069,-3.7037,14,2
C070,C145,0.3143,14,6
C105,C139,6.7227,14,5
C025,C015,4.1629,13,3
C071,C021,2.0998,13,5
C069,C134,-3.2652,13,5
C012,C112,-6.3274,13,4
C069,C035,-4.4805,13,5
C007,C036,5.136,12,3
C066,C032,-5.7168,12,3
C009,C112,-3.7132,12,3
C019,C016,2.3346,12,4
C094,C019,2.0312,12,7
C091,C058,3.541,12,2
C069,C018,-5.6567,12,5
C046,C109,0.9132,12,8
C106,C152,1.7241,12,2
C078,C145,1.9737,12,6
C086,C002,-5.726,12,3
C028,C160,-2.7356,12,3
C071,C044,4.703,12,7
C101,C142,1.1529,12,4
C112,C142,-6.6493,12,4
C145,C133,4.504,12,4
C069,C113,-0.8965,12,5
C124,C145,-5.8047,11,4
C115,C021,-0.6953,11,6
C069,C019,0.1668,11,3
C100,C035,-1.3504,11,7
C075,C024,3.861,11,5
C101,C025,4.4974,11,5
C135,C069,-1.938,10,2
C085,C036,-10.4225,10,1
C146,C145,-2.7027,10,1
C028,C104,2.4528,10,2
C063,C035,-1.0557,10,4
C154,C023,-0.4525,10,4
C079,C057,-5.0725,10,4
C067,C104,-6.7188,10,2
C164,C155,6.0241,10,1
C065,C079,-1.9814,10,2
C015,C063,-1.4872,10,2
C066,C060,-1.4872,10,1
C028,C152,-2.4155,10,1
C028,C049,2.7379,10,2
C028,C119,2.7379,10,2
C101,C133,-1.2953,10,3
C028,C042,2.7379,10,2
C071,C115,-0.8811,10,5
C063,C108,-1.2208,10,1
C101,C104,-2.4263,10,4
C162,C155,-3.2609,10,3
C155,C161,-3.2609,10,2
C151,C162,-4.5714,10,1
C015,C106,0.6116,10,1
C152,C145,1.1186,10,2
C016,C155,-1.8349,10,1
C094,C051,-3.2864,10,1
C094,C029,2.952,10,1
C047,C134,-2.6247,10,1
C027,C058,4.1162,10,3
C042,C064,2.8391,10,1
C064,C128,2.3854,10,1
C164,C065,-3.7475,10,1
C065,C011,-3.7475,10,2
C065,C155,-3.7475,10,2
C067,C008,-2.7593,10,3
C117,C091,-3.0198,10,2
C061,C112,-2.7593,10,3
C143,C100,1.8797,10,5
C056,C145,-1.9871,10,4
C100,C145,-1.6518,10,5
C028,C079,-3.501,10,2
C047,C163,-2.0737,10,4
C163,C127,4.5101,10,1
C146,C016,-1.5038,10,3
C111,C036,-5.7143,10,2
C064,C122,1.0941,10,1
C099,C145,-2.25,10,1
C141,C145,-2.907,10,1
C024,C056,0.0,10,2
C043,C069,0.9132,10,3
C091,C019,-7.012,10,4
C132,C069,0.9132,10,3
C069,C155,-8.8792,10,2
C116,C099,-5.2478,10,2
C015,C108,0.8065,10,2
C108,C119,8.1967,10,2
C054,C021,-2.2951,10,2
C036,C042,4.5139,10,1
C066,C105,6.7227,10,1
C105,C040,6.7227,10,1
C139,C113,-5.6367,10,1
C069,C112,0.1631,10,3
C066,C121,-4.4186,10,1
C001,C015,-1.769,10,1
C008,C113,0.3876,10,1
C151,C082,-6.3981,10,1
C038,C082,-6.3981,10,3
C159,C082,-6.3981,10,3
C129,C082,-6.3981,10,3
C128,C048,1.6461,10,2
C094,C016,-6.6394,10,2
C058,C108,2.086,10,2
C128,C008,1.7742,10,2
C135,C031,-4.1353,10,2
C052,C041,-3.2992,10,2
C049,C112,-8.4081,10,2
C049,C119,-8.4081,10,2
C095,C119,-8.4081,10,2
C112,C119,-8.4081,10,2
C162,C010,7.2727,10,2
C147,C036,-12.6482,10,1
C036,C016,-0.6932,10,2
C086,C010,3.3557,10,2
C036,C122,-12.6482,10,1
C036,C055,-12.6482,10,1
C108,C083,-4.0323,10,2
C008,C145,-2.7972,10,1
C108,C003,4.5783,10,4
C160,C145,-2.7439,10,1
C036,C029,0.0,10,1
C025,C131,1.0302,9,5
C143,C079,-6.0811,9,3
C132,C005,-13.1195,9,5
C157,C040,3.3049,9,3
C086,C019,-8.3032,9,3
C148,C145,-5.4639,9,5
C144,C160,0.9425,9,2
C160,C059,0.9425,9,3
C159,C021,-5.8824,8,1
C057,C082,-0.8845,8,4
C144,C070,-0.4848,8,4
C017,C115,-1.3921,8,4
C028,C089,-1.3921,8,4
C115,C112,-1.3921,8,4
C115,C029,-1.3921,8,4
C155,C044,6.3151,8,7
C162,C145,-2.9728,8,4
C107,C145,-6.3328,8,1
C065,C162,-2.3511,8,3
C038,C129,1.1905,8,3
C011,C089,-1.1765,8,1
C048,C029,-3.5714,8,2
C079,C119,1.3216,8,5
C024,C076,1.2959,8,2
C080,C101,2.3121,8,3
C025,C022,-1.0239,8,1
C076,C145,1.2959,8,4
C064,C089,2.2222,8,4
C024,C113,-4.1322,8,2
C117,C086,5.1332,8,2
C069,C146,-1.5038,8,2
C101,C064,0.9434,8,4
C007,C160,0.3788,8,6
C109,C145,0.9132,8,6
C155,C112,-7.1809,8,1
C078,C142,5.4152,8,4
C066,C086,-5.726,8,2
C117,C113,-5.6582,8,2
C056,C120,2.9155,8,1
C064,C006,2.3636,8,4
C050,C010,-11.6667,8,2
C118,C005,-5.647,8,3
C015,C119,-7.1161,8,4
C162,C092,-7.2072,8,4
C144,C036,-0.4165,8,2
C069,C110,-3.325,8,4
C145,C102,-2.4641,8,4
C009,C018,-2.1318,8,4
C089,C018,-8.2031,8,1
C047,C078,1.93,8,4
C101,C098,4.7059,7,2
C009,C024,8.1081,7,4
C079,C018,-4.065,7,2
C063,C057,-2.2851,7,4
C036,C008,2.5641,7,1
C099,C082,-5.5958,7,4
C163,C113,-5.1984,7,4
C019,C145,-1.1466,7,2
C017,C145,4.3886,7,4
C065,C131,3.2609,7,2
C145,C032,0.8518,7,4
C089,C145,11.9048,7,1
C091,C016,-2.6277,7,3
C111,C112,-6.6493,7,4
C164,C108,0.8333,6,1
C009,C145,-5.5257,6,2
C028,C107,-4.5161,6,1
C094,C163,-6.535,6,1
C081,C104,-3.1026,6,3
C023,C112,-3.2258,6,4
C084,C162,-3.2609,6,4
C106,C122,0.6116,6,3
C091,C146,-0.2556,6,2
C015,C146,-1.6426,6,4
C144,C043,-0.5909,6,3
C094,C028,1.0811,6,1
C004,C089,2.2222,6,4
C094,C134,-4.5909,6,3
C065,C136,-1.1799,6,2
C025,C097,-0.2928,6,1
C094,C018,-0.6459,6,6
C069,C013,-3.3811,6,2
C066,C065,-3.6842,6,3
C106,C150,-0.5556,6,2
C126,C086,-4.2895,6,4
C108,C016,-0.2717,6,2
C108,C145,-0.2551,6,2
C015,C058,2.2124,6,1
C062,C145,-1.3854,6,1
C058,C064,-3.6403,6,1
C072,C069,-3.0479,6,3
C001,C142,-8.2031,6,2
C043,C091,-0.7286,6,1
C028,C064,3.3557,6,4
C066,C165,-0.1644,5,1
C034,C145,-9.8684,5,3
C118,C104,6.1538,5,1
C107,C048,-6.5295,5,1
C106,C006,-4.2493,5,2
C135,C086,2.657,5,2
C074,C086,2.657,5,2
C086,C102,2.657,5,2
C037,C145,-5.6106,5,1
C023,C028,-1.006,5,2
C159,C112,-4.5673,5,1
C164,C082,1.9718,5,3
C163,C112,-5.1984,5,1
C025,C086,-2.0833,5,1
C046,C122,0.9132,5,2
C099,C161,-1.3115,5,2
C107,C122,2.931,5,3
C087,C014,1.8072,5,1
C079,C103,-3.6117,5,1
C135,C122,5.4622,5,1
C163,C069,-1.2887,5,2
C031,C020,-4.1353,5,1
C104,C057,-8.6481,5,2
C129,C057,-8.6481,5,2
C001,C069,-6.7389,5,2
C025,C021,1.4327,5,1
C142,C041,1.3369,5,1
C066,C030,-2.4802,5,1
C066,C107,-2.2094,5,1
C022,C112,-1.8121,5,2
C147,C145,0.5535,4,3
C066,C053,0.7282,4,2
C132,C145,-13.0208,4,2
C017,C028,-1.3921,4,2
C017,C029,-1.3921,4,2
C028,C071,-1.3921,4,2
C028,C021,-1.3921,4,2
C085,C142,-0.6957,4,2
C071,C029,-1.3921,4,2
C029,C021,-1.3921,4,2
C122,C013,-0.6135,4,2
C065,C161,3.555,4,2
C056,C070,-1.4725,4,1
C036,C041,-2.7593,4,2
C066,C019,9.7418,4,1
C019,C002,9.7418,4,2
C001,C022,-1.0239,4,2
C066,C077,0.2404,4,1
C025,C163,-5.3525,4,1
C163,C125,3.8549,4,1
C143,C037,1.5493,4,1
C143,C035,-5.5866,4,1
C065,C102,-1.589,4,2
C091,C021,4.9784,4,4
C155,C142,5.4152,4,3
C054,C086,-2.109,4,2
C046,C015,-1.847,4,2
C069,C008,-2.5773,4,2
C128,C145,-1.5669,4,2
C028,C166,-0.4914,4,1
C065,C001,-0.5525,4,1
C036,C079,-4.2895,4,1
C101,C108,-0.2551,4,2
C069,C108,-0.2717,4,1
C009,C086,3.9275,4,2
C036,C146,-4.2328,4,1
C052,C112,-3.6104,4,2
C065,C101,-6.7389,4,3
C065,C104,-2.2891,4,2
C128,C005,-5.2356,4,1
C065,C140,5.1282,4,2
C157,C104,6.9767,4,4
C104,C035,0.4695,4,2
C107,C104,-2.2375,4,2
C066,C153,-3.055,4,2
C166,C145,4.9844,4,1
C138,C078,1.93,4,2
C016,C029,-2.0224,3,1
C066,C156,-5.6389,3,3
C066,C155,3.1231,3,2
C046,C150,-5.4894,3,1
C148,C150,-5.4894,3,2
C132,C150,-5.4894,3,2
C094,C091,1.0811,3,1
C051,C082,-4.3594,3,2
C065,C138,4.5455,3,3
C139,C122,2.931,3,2
C092,C082,-4.3651,3,1
C089,C130,-4.2424,3,1
C087,C041,-6.9959,3,1
C066,C162,-6.1572,3,2
C144,C025,2.3152,3,1
C060,C104,-2.1226,3,2
C035,C041,3.4602,3,2
C065,C064,-2.0243,2,1
C025,C016,3.0534,2,1
C065,C036,0.0,2,2
C069,C060,-1.4872,2,2
C089,C048,3.125,2,1
C060,C016,-1.4872,2,2
C036,C135,0.5474,2,1
C118,C113,-5.1136,2,1
C047,C157,-9.9345,2,1
C151,C143,-4.2169,2,2
C151,C147,-4.2169,2,1
C117,C162,-2.3511,2,1
C147,C162,-2.3511,2,1
C162,C101,-2.3511,2,1
C162,C001,-2.3511,2,1
C036,C128,4.5584,2,1
C162,C091,-2.3511,2,1
C162,C015,-2.3511,2,1
C162,C036,-2.3511,2,1
C038,C019,1.1905,2,1
C162,C122,-2.3511,2,1
C162,C142,-2.3511,2,1
C101,C042,4.023,2,2
C164,C145,-5.6106,2,1
C066,C038,-4.3742,2,1
C104,C051,3.0588,2,1
C023,C158,-6.9476,2,1
C108,C155,-5.3316,2,1
C145,C082,-5.8352,2,2
C108,C082,-2.6015,2,1
C117,C145,5.8947,2,1
C151,C019,-3.0457,2,1
C015,C113,-5.1675,2,1
C159,C145,-5.3073,2,1
C025,C019,-1.847,2,2
C139,C145,4.7404,2,1
C114,C165,-0.8818,2,1
C088,C145,1.0163,2,1
C145,C119,0.8696,2,2
C036,C002,-4.9784,2,1
C004,C005,-3.0055,2,1
C069,C102,-3.8251,2,1
C025,C069,-6.3618,2,1
C015,C045,-2.2358,2,2
C015,C021,-2.5676,2,2
C162,C050,7.2727,2,1
C079,C104,-8.6481,2,1
C106,C112,2.5404,2,2
C159,C113,-0.9564,2,2
C066,C010,7.2727,2,1
C062,C013,-1.3854,2,2
C009,C036,-2.1318,2,2
C004,C079,-2.6769,2,2
C089,C016,-8.2031,2,1
C023,C018,-4.5153,2,1
C069,C142,-8.2031,2,2
C015,C064,-4.0323,2,2
C066,C051,3.0588,1,1
C013,C016,-3.3811,1,1
C070,C078,-4.8112,1,1
C066,C092,-8.0645,1,1
C036,C058,5.2252,1,1
C015,C129,-2.0524,1,1
C094,C106,2.4896,1,1
C162,C002,-5.2035,1,1
