arm,noise,repeats,conv_rate,conv_lo,conv_hi,consistent_rate,consistent_lo,consistent_hi,signs_retained,signs_retained_ci,mean_steps_converged,mean_final_balance,mean_triangles,mean_components
No inertia,0.0,30,1.0,0.8864829086095221,1.0,1.0,0.8864829086095221,1.0,0.504,0.03311328712024896,1156.6666666666667,1.0,40.0,1.0
Real inertia,0.0,30,1.0,0.8864829086095221,1.0,1.0,0.8864829086095221,1.0,0.5293333333333333,0.027797063821348517,1951.6666666666667,1.0,40.0,1.0
Shuffled inertia,0.0,30,1.0,0.8864829086095221,1.0,1.0,0.8864829086095221,1.0,0.4986666666666667,0.04095979406078497,1805.0,1.0,40.0,1.0
Uniform inertia (same mean),0.0,30,1.0,0.8864829086095221,1.0,1.0,0.8864829086095221,1.0,0.49066666666666664,0.03423229332828009,1938.3333333333333,1.0,40.0,1.0
"Shuffled signs, no inertia",0.0,30,1.0,0.8864829086095221,1.0,1.0,0.8864829086095221,1.0,0.524,0.045474485861500574,1396.6666666666667,1.0,40.0,1.0
No inertia,0.005,30,1.0,0.8864829086095221,1.0,1.0,0.8864829086095221,1.0,0.516,0.03948731488442344,7926.666666666667,1.0,40.0,1.0
Real inertia,0.005,30,1.0,0.8864829086095221,1.0,1.0,0.8864829086095221,1.0,0.49466666666666664,0.0320029868337867,5081.666666666667,1.0,40.0,1.0
Shuffled inertia,0.005,30,1.0,0.8864829086095221,1.0,1.0,0.8864829086095221,1.0,0.5133333333333333,0.03926003066303992,3933.3333333333335,1.0,40.0,1.0
Uniform inertia (same mean),0.005,30,1.0,0.8864829086095221,1.0,1.0,0.8864829086095221,1.0,0.5346666666666666,0.02799965670287632,5715.0,1.0,40.0,1.0
"Shuffled signs, no inertia",0.005,30,1.0,0.8864829086095221,1.0,1.0,0.8864829086095221,1.0,0.48933333333333334,0.032047108619674664,7888.333333333333,1.0,40.0,1.0
No inertia,0.01,30,0.36666666666666664,0.21873702204017678,0.5448675356639506,1.0,0.7411599827511859,1.0,0.5333333333333333,0.04071759690008741,24395.454545454544,0.8541666666666666,40.0,1.0
Real inertia,0.01,30,0.9333333333333333,0.7867618227892791,0.9815233646723066,1.0,0.8793527963418923,1.0,0.5133333333333333,0.039796231940076345,9651.785714285714,0.9858333333333333,40.0,1.0
Shuffled inertia,0.01,30,0.9333333333333333,0.7867618227892791,0.9815233646723066,1.0,0.8793527963418923,1.0,0.48533333333333334,0.034190991531625824,11967.857142857143,0.9825,40.0,1.0
Uniform inertia (same mean),0.01,30,0.9333333333333333,0.7867618227892791,0.9815233646723066,1.0,0.8793527963418923,1.0,0.45866666666666667,0.036393050913454225,11921.42857142857,0.9858333333333333,40.0,1.0
"Shuffled signs, no inertia",0.01,30,0.26666666666666666,0.14182495553910618,0.4444830204431169,1.0,0.6755843804891231,1.0,0.47600000000000003,0.031973538484477926,23662.5,0.8116666666666668,40.0,1.0
No inertia,0.015,30,0.03333333333333333,0.0059084379948573795,0.16670751396958874,1.0,0.20654329147389294,1.0,0.4653333333333334,0.03155837638894804,11100.0,0.7233333333333333,40.0,1.0
Real inertia,0.015,30,0.6333333333333333,0.45513246433604937,0.7812629779598231,1.0,0.8318156346315496,1.0,0.48800000000000004,0.03967473454126114,19873.684210526317,0.8916666666666667,40.0,1.0
Shuffled inertia,0.015,30,0.5333333333333333,0.3614201328152505,0.6976787277587178,1.0,0.8063865817272802,1.0,0.5146666666666666,0.03658666666666666,18503.125,0.8716666666666666,40.0,1.0
Uniform inertia (same mean),0.015,30,0.6,0.42320052498273836,0.7540960567391659,1.0,0.8241154494176252,1.0,0.5,0.033357747381153116,15405.555555555555,0.9083333333333333,40.0,1.0
"Shuffled signs, no inertia",0.015,30,0.0,0.0,0.113517091390478,nan,nan,nan,0.49333333333333335,0.030845121946471862,nan,0.7200000000000001,40.0,1.0
No inertia,0.02,30,0.0,0.0,0.113517091390478,nan,nan,nan,0.47866666666666663,0.04533963877717206,nan,0.6799999999999999,40.0,1.0
Real inertia,0.02,30,0.26666666666666666,0.14182495553910618,0.4444830204431169,1.0,0.6755843804891231,1.0,0.49733333333333335,0.03115280210393927,21356.25,0.8208333333333333,40.0,1.0
Shuffled inertia,0.02,30,0.23333333333333334,0.11792239210501232,0.40928672330324267,1.0,0.6456611570247934,1.0,0.49466666666666664,0.04310292939703013,19350.0,0.7941666666666667,40.0,1.0
Uniform inertia (same mean),0.02,30,0.16666666666666666,0.07336434240351683,0.33564705185680177,1.0,0.5655085052479191,1.0,0.49333333333333335,0.03262608974119893,20940.0,0.7608333333333334,40.0,1.0
"Shuffled signs, no inertia",0.02,30,0.0,0.0,0.113517091390478,nan,nan,nan,0.47866666666666663,0.02644240226507215,nan,0.6891666666666667,40.0,1.0
No inertia,0.03,30,0.0,0.0,0.113517091390478,nan,nan,nan,0.512,0.030630597879192333,nan,0.6758333333333333,40.0,1.0
Real inertia,0.03,30,0.0,0.0,0.113517091390478,nan,nan,nan,0.4653333333333334,0.04687198602928515,nan,0.6766666666666666,40.0,1.0
Shuffled inertia,0.03,30,0.0,0.0,0.113517091390478,nan,nan,nan,0.5106666666666667,0.032047108619674664,nan,0.7216666666666666,40.0,1.0
Uniform inertia (same mean),0.03,30,0.0,0.0,0.113517091390478,nan,nan,nan,0.49733333333333335,0.031825888014205043,nan,0.66,40.0,1.0
"Shuffled signs, no inertia",0.03,30,0.0,0.0,0.113517091390478,nan,nan,nan,0.5013333333333334,0.037161461848846784,nan,0.6925,40.0,1.0
