noise,inertia,seed,converged,steps,final_balance,consistent,n_blocs,n_components,signs_retained,triangles
0.0,False,100,True,850,1.0,True,2,1,0.72,40
0.0,False,101,True,1000,1.0,True,2,1,0.44,40
0.0,False,102,True,2000,1.0,True,2,1,0.44,40
0.0,False,103,True,950,1.0,True,2,1,0.56,40
0.0,False,104,True,1950,1.0,True,2,1,0.64,40
0.0,False,105,True,900,1.0,True,2,1,0.44,40
0.0,False,106,True,1100,1.0,True,2,1,0.48,40
0.0,False,107,True,850,1.0,True,2,1,0.56,40
0.0,False,108,True,2300,1.0,True,2,1,0.48,40
0.0,False,109,True,1100,1.0,True,2,1,0.52,40
0.0,False,110,True,1050,1.0,True,2,1,0.4,40
0.0,False,111,True,1050,1.0,True,2,1,0.44,40
0.0,False,112,True,1150,1.0,True,2,1,0.6,40
0.0,False,113,True,1100,1.0,True,2,1,0.4,40
0.0,False,114,True,1000,1.0,True,2,1,0.48,40
0.0,False,115,True,1100,1.0,True,2,1,0.44,40
0.0,False,116,True,1050,1.0,True,2,1,0.64,40
0.0,False,117,True,1000,1.0,True,2,1,0.52,40
0.0,False,118,True,1100,1.0,True,2,1,0.48,40
0.0,False,119,True,1950,1.0,True,2,1,0.56,40
0.0,False,120,True,950,1.0,True,2,1,0.6,40
0.0,False,121,True,850,1.0,True,2,1,0.44,40
0.0,False,122,True,950,1.0,True,2,1,0.48,40
0.0,False,123,True,1100,1.0,True,2,1,0.4,40
0.0,False,124,True,950,1.0,True,2,1,0.48,40
0.0,False,125,True,1200,1.0,True,2,1,0.6,40
0.0,False,126,True,1250,1.0,True,2,1,0.28,40
0.0,False,127,True,1100,1.0,True,2,1,0.44,40
0.0,False,128,True,950,1.0,True,2,1,0.56,40
0.0,False,129,True,850,1.0,True,2,1,0.6,40
0.0,True,100,True,1050,1.0,True,2,1,0.64,40
0.0,True,101,True,2700,1.0,True,2,1,0.6,40
0.0,True,102,True,3100,1.0,True,2,1,0.56,40
0.0,True,103,True,1700,1.0,True,2,1,0.52,40
0.0,True,104,True,1050,1.0,True,2,1,0.56,40
0.0,True,105,True,3250,1.0,True,2,1,0.56,40
0.0,True,106,True,2300,1.0,True,2,1,0.52,40
0.0,True,107,True,1250,1.0,True,2,1,0.56,40
0.0,True,108,True,2500,1.0,True,2,1,0.48,40
0.0,True,109,True,1350,1.0,True,2,1,0.52,40
0.0,True,110,True,1000,1.0,True,2,1,0.6,40
0.0,True,111,True,1200,1.0,True,2,1,0.6,40
0.0,True,112,True,1650,1.0,True,2,1,0.4,40
0.0,True,113,True,1100,1.0,True,2,1,0.56,40
0.0,True,114,True,1450,1.0,True,2,1,0.64,40
0.0,True,115,True,1750,1.0,True,2,1,0.6,40
0.0,True,116,True,1350,1.0,True,2,1,0.6,40
0.0,True,117,True,1100,1.0,True,2,1,0.52,40
0.0,True,118,True,4250,1.0,True,2,1,0.44,40
0.0,True,119,True,3350,1.0,True,2,1,0.56,40
0.0,True,120,True,1150,1.0,True,2,1,0.48,40
0.0,True,121,True,1700,1.0,True,2,1,0.4,40
0.0,True,122,True,2550,1.0,True,2,1,0.44,40
0.0,True,123,True,2150,1.0,True,2,1,0.4,40
0.0,True,124,True,1050,1.0,True,2,1,0.48,40
0.0,True,125,True,3600,1.0,True,2,1,0.44,40
0.0,True,126,True,3250,1.0,True,2,1,0.68,40
0.0,True,127,True,1150,1.0,True,2,1,0.6,40
0.0,True,128,True,1650,1.0,True,2,1,0.44,40
0.0,True,129,True,1850,1.0,True,2,1,0.48,40
0.002,False,100,True,2200,1.0,True,2,1,0.4,40
0.002,False,101,True,1000,1.0,True,2,1,0.44,40
0.002,False,102,True,6300,1.0,True,2,1,0.32,40
0.002,False,103,True,2050,1.0,True,2,1,0.28,40
0.002,False,104,True,7750,1.0,True,2,1,0.28,40
0.002,False,105,True,1300,1.0,True,2,1,0.44,40
0.002,False,106,True,2200,1.0,True,2,1,0.52,40
0.002,False,107,True,1850,1.0,True,1,1,0.48,40
0.002,False,108,True,6550,1.0,True,2,1,0.56,40
0.002,False,109,True,1750,1.0,True,2,1,0.44,40
0.002,False,110,True,1050,1.0,True,2,1,0.4,40
0.002,False,111,True,1850,1.0,True,2,1,0.48,40
0.002,False,112,True,3000,1.0,True,2,1,0.32,40
0.002,False,113,True,1350,1.0,True,2,1,0.4,40
0.002,False,114,True,4900,1.0,True,2,1,0.56,40
0.002,False,115,True,1400,1.0,True,2,1,0.52,40
0.002,False,116,True,1050,1.0,True,2,1,0.64,40
0.002,False,117,True,3450,1.0,True,2,1,0.52,40
0.002,False,118,True,1100,1.0,True,2,1,0.48,40
0.002,False,119,True,2300,1.0,True,2,1,0.56,40
0.002,False,120,True,5450,1.0,True,2,1,0.4,40
0.002,False,121,True,1650,1.0,True,2,1,0.56,40
0.002,False,122,True,950,1.0,True,2,1,0.48,40
0.002,False,123,True,1250,1.0,True,2,1,0.32,40
0.002,False,124,True,2700,1.0,True,2,1,0.6,40
0.002,False,125,True,1200,1.0,True,2,1,0.6,40
0.002,False,126,True,1250,1.0,True,2,1,0.28,40
0.002,False,127,True,1700,1.0,True,2,1,0.44,40
0.002,False,128,True,3300,1.0,True,2,1,0.6,40
0.002,False,129,True,3500,1.0,True,2,1,0.6,40
0.002,True,100,True,2250,1.0,True,2,1,0.4,40
0.002,True,101,True,3300,1.0,True,2,1,0.6,40
0.002,True,102,True,3100,1.0,True,2,1,0.56,40
0.002,True,103,True,9550,1.0,True,2,1,0.56,40
0.002,True,104,True,3700,1.0,True,2,1,0.28,40
0.002,True,105,True,3250,1.0,True,2,1,0.56,40
0.002,True,106,True,2300,1.0,True,2,1,0.52,40
0.002,True,107,True,1250,1.0,True,2,1,0.56,40
0.002,True,108,True,2800,1.0,True,2,1,0.48,40
0.002,True,109,True,2500,1.0,True,2,1,0.44,40
0.002,True,110,True,950,1.0,True,2,1,0.6,40
0.002,True,111,True,2550,1.0,True,2,1,0.56,40
0.002,True,112,True,1150,1.0,True,2,1,0.44,40
0.002,True,113,True,4950,1.0,True,2,1,0.4,40
0.002,True,114,True,6800,1.0,True,2,1,0.52,40
0.002,True,115,True,1750,1.0,True,2,1,0.6,40
0.002,True,116,True,2350,1.0,True,2,1,0.48,40
0.002,True,117,True,1100,1.0,True,2,1,0.52,40
0.002,True,118,True,3050,1.0,True,2,1,0.4,40
0.002,True,119,True,2150,1.0,True,2,1,0.56,40
0.002,True,120,True,7350,1.0,True,2,1,0.64,40
0.002,True,121,True,1700,1.0,True,2,1,0.64,40
0.002,True,122,True,2550,1.0,True,2,1,0.44,40
0.002,True,123,True,2250,1.0,True,2,1,0.4,40
0.002,True,124,True,3850,1.0,True,2,1,0.56,40
0.002,True,125,True,1300,1.0,True,2,1,0.48,40
0.002,True,126,True,2700,1.0,True,2,1,0.64,40
0.002,True,127,True,1600,1.0,True,2,1,0.6,40
0.002,True,128,True,2400,1.0,True,2,1,0.44,40
0.002,True,129,True,4750,1.0,True,2,1,0.4,40
0.005,False,100,True,5950,1.0,True,2,1,0.6,40
0.005,False,101,True,4800,1.0,True,2,1,0.64,40
0.005,False,102,True,9050,1.0,True,2,1,0.56,40
0.005,False,103,True,16300,1.0,True,2,1,0.28,40
0.005,False,104,True,8100,1.0,True,2,1,0.36,40
0.005,False,105,True,1800,1.0,True,2,1,0.4,40
0.005,False,106,True,3450,1.0,True,2,1,0.64,40
0.005,False,107,True,1850,1.0,True,1,1,0.48,40
0.005,False,108,True,9350,1.0,True,2,1,0.4,40
0.005,False,109,True,8000,1.0,True,2,1,0.64,40
0.005,False,110,True,1600,1.0,True,2,1,0.4,40
0.005,False,111,True,37800,1.0,True,2,1,0.4,40
0.005,False,112,True,1500,1.0,True,1,1,0.48,40
0.005,False,113,True,6050,1.0,True,2,1,0.6,40
0.005,False,114,True,9050,1.0,True,2,1,0.48,40
0.005,False,115,True,4950,1.0,True,2,1,0.64,40
0.005,False,116,True,1400,1.0,True,2,1,0.6,40
0.005,False,117,True,3800,1.0,True,2,1,0.64,40
0.005,False,118,True,1600,1.0,True,2,1,0.6,40
0.005,False,119,True,25250,1.0,True,2,1,0.64,40
0.005,False,120,True,1850,1.0,True,2,1,0.4,40
0.005,False,121,True,6400,1.0,True,2,1,0.48,40
0.005,False,122,True,30100,1.0,True,2,1,0.32,40
0.005,False,123,True,1350,1.0,True,2,1,0.6,40
0.005,False,124,True,9800,1.0,True,2,1,0.6,40
0.005,False,125,True,5850,1.0,True,2,1,0.4,40
0.005,False,126,True,4150,1.0,True,2,1,0.48,40
0.005,False,127,True,9150,1.0,True,2,1,0.56,40
0.005,False,128,True,4150,1.0,True,2,1,0.6,40
0.005,False,129,True,3350,1.0,True,2,1,0.56,40
0.005,True,100,True,26250,1.0,True,2,1,0.56,40
0.005,True,101,True,3450,1.0,True,2,1,0.56,40
0.005,True,102,True,5400,1.0,True,2,1,0.48,40
0.005,True,103,True,5000,1.0,True,2,1,0.32,40
0.005,True,104,True,5400,1.0,True,2,1,0.6,40
0.005,True,105,True,1700,1.0,True,1,1,0.48,40
0.005,True,106,True,1750,1.0,True,2,1,0.4,40
0.005,True,107,True,1250,1.0,True,2,1,0.56,40
0.005,True,108,True,7900,1.0,True,2,1,0.36,40
0.005,True,109,True,2400,1.0,True,2,1,0.4,40
0.005,True,110,True,950,1.0,True,2,1,0.6,40
0.005,True,111,True,7100,1.0,True,2,1,0.4,40
0.005,True,112,True,1150,1.0,True,2,1,0.44,40
0.005,True,113,True,5350,1.0,True,2,1,0.56,40
0.005,True,114,True,2850,1.0,True,2,1,0.64,40
0.005,True,115,True,4100,1.0,True,2,1,0.6,40
0.005,True,116,True,9300,1.0,True,2,1,0.44,40
0.005,True,117,True,3250,1.0,True,2,1,0.6,40
0.005,True,118,True,3100,1.0,True,2,1,0.4,40
0.005,True,119,True,1050,1.0,True,2,1,0.4,40
0.005,True,120,True,7750,1.0,True,2,1,0.56,40
0.005,True,121,True,6550,1.0,True,2,1,0.4,40
0.005,True,122,True,5450,1.0,True,2,1,0.4,40
0.005,True,123,True,2750,1.0,True,2,1,0.48,40
0.005,True,124,True,11350,1.0,True,2,1,0.56,40
0.005,True,125,True,1300,1.0,True,2,1,0.48,40
0.005,True,126,True,1250,1.0,True,2,1,0.6,40
0.005,True,127,True,2100,1.0,True,2,1,0.6,40
0.005,True,128,True,4100,1.0,True,2,1,0.48,40
0.005,True,129,True,11150,1.0,True,2,1,0.48,40
0.01,False,100,False,39999,0.85,False,,1,0.48,40
0.01,False,101,True,29000,1.0,True,2,1,0.32,40
0.01,False,102,True,31350,1.0,True,2,1,0.68,40
0.01,False,103,False,39999,0.7,False,,1,0.72,40
0.01,False,104,True,24000,1.0,True,2,1,0.64,40
0.01,False,105,False,39999,0.525,False,,1,0.56,40
0.01,False,106,False,39999,0.65,False,,1,0.64,40
0.01,False,107,False,39999,0.775,False,,1,0.64,40
0.01,False,108,False,39999,0.625,False,,1,0.68,40
0.01,False,109,False,39999,0.825,False,,1,0.44,40
0.01,False,110,True,35250,1.0,True,2,1,0.48,40
0.01,False,111,False,39999,1.0,True,2,1,0.56,40
0.01,False,112,True,14150,1.0,True,2,1,0.48,40
0.01,False,113,False,39999,0.675,False,,1,0.56,40
0.01,False,114,False,39999,0.7,False,,1,0.68,40
0.01,False,115,True,1450,1.0,True,2,1,0.56,40
0.01,False,116,False,39999,1.0,True,2,1,0.6,40
0.01,False,117,True,37150,1.0,True,2,1,0.64,40
0.01,False,118,True,30850,1.0,True,2,1,0.44,40
0.01,False,119,True,24900,1.0,True,2,1,0.28,40
0.01,False,120,True,1850,1.0,True,2,1,0.6,40
0.01,False,121,False,39999,0.875,False,,1,0.64,40
0.01,False,122,False,39999,0.725,False,,1,0.44,40
0.01,False,123,False,39999,0.7,False,,1,0.44,40
0.01,False,124,True,38400,1.0,True,2,1,0.56,40
0.01,False,125,False,39999,0.65,False,,1,0.4,40
0.01,False,126,False,39999,0.675,False,,1,0.4,40
0.01,False,127,False,39999,1.0,True,2,1,0.44,40
0.01,False,128,False,39999,0.675,False,,1,0.56,40
0.01,False,129,False,39999,1.0,True,2,1,0.44,40
0.01,True,100,True,20550,1.0,True,2,1,0.6,40
0.01,True,101,False,39999,1.0,True,2,1,0.32,40
0.01,True,102,True,7650,1.0,True,2,1,0.32,40
0.01,True,103,True,18450,1.0,True,2,1,0.6,40
0.01,True,104,True,12800,1.0,True,2,1,0.4,40
0.01,True,105,True,17600,1.0,True,2,1,0.44,40
0.01,True,106,True,1750,1.0,True,2,1,0.4,40
0.01,True,107,True,16300,1.0,True,2,1,0.64,40
0.01,True,108,True,15200,1.0,True,2,1,0.64,40
0.01,True,109,True,2500,1.0,True,2,1,0.44,40
0.01,True,110,True,950,1.0,True,2,1,0.6,40
0.01,True,111,True,3300,1.0,True,2,1,0.48,40
0.01,True,112,True,2850,1.0,True,2,1,0.52,40
0.01,True,113,True,25000,1.0,True,2,1,0.6,40
0.01,True,114,True,23050,1.0,True,2,1,0.52,40
0.01,True,115,True,14850,1.0,True,2,1,0.48,40
0.01,True,116,True,10100,1.0,True,2,1,0.64,40
0.01,True,117,True,8400,1.0,True,2,1,0.64,40
0.01,True,118,True,4550,1.0,True,2,1,0.4,40
0.01,True,119,True,1050,1.0,True,2,1,0.4,40
0.01,True,120,True,9850,1.0,True,2,1,0.48,40
0.01,True,121,True,10300,1.0,True,2,1,0.44,40
0.01,True,122,True,2450,1.0,True,2,1,0.32,40
0.01,True,123,False,39999,0.575,False,,1,0.68,40
0.01,True,124,True,8250,1.0,True,2,1,0.6,40
0.01,True,125,True,1300,1.0,True,2,1,0.48,40
0.01,True,126,True,1100,1.0,True,2,1,0.56,40
0.01,True,127,True,9700,1.0,True,2,1,0.72,40
0.01,True,128,True,9350,1.0,True,2,1,0.52,40
0.01,True,129,True,11050,1.0,True,2,1,0.52,40
0.015,False,100,False,39999,0.575,False,,1,0.44,40
0.015,False,101,False,39999,0.7,False,,1,0.4,40
0.015,False,102,False,39999,0.55,False,,1,0.44,40
0.015,False,103,False,39999,0.85,False,,1,0.56,40
0.015,False,104,False,39999,0.625,False,,1,0.32,40
0.015,False,105,False,39999,1.0,True,2,1,0.6,40
0.015,False,106,False,39999,0.525,False,,1,0.52,40
0.015,False,107,False,39999,0.775,False,,1,0.4,40
0.015,False,108,False,39999,0.625,False,,1,0.56,40
0.015,False,109,False,39999,0.55,False,,1,0.32,40
0.015,False,110,False,39999,0.675,False,,1,0.44,40
0.015,False,111,False,39999,0.775,False,,1,0.4,40
0.015,False,112,False,39999,1.0,True,2,1,0.56,40
0.015,False,113,False,39999,0.625,False,,1,0.48,40
0.015,False,114,False,39999,0.525,False,,1,0.64,40
0.015,False,115,False,39999,0.725,False,,1,0.48,40
0.015,False,116,False,39999,0.7,False,,1,0.44,40
0.015,False,117,False,39999,0.575,False,,1,0.44,40
0.015,False,118,False,39999,0.6,False,,1,0.44,40
0.015,False,119,False,39999,0.85,False,,1,0.28,40
0.015,False,120,False,39999,0.625,False,,1,0.4,40
0.015,False,121,False,39999,1.0,True,2,1,0.44,40
0.015,False,122,True,11100,1.0,True,2,1,0.52,40
0.015,False,123,False,39999,0.55,False,,1,0.4,40
0.015,False,124,False,39999,1.0,True,2,1,0.48,40
0.015,False,125,False,39999,0.775,False,,1,0.56,40
0.015,False,126,False,39999,0.6,False,,1,0.64,40
0.015,False,127,False,39999,0.725,False,,1,0.44,40
0.015,False,128,False,39999,1.0,True,2,1,0.48,40
0.015,False,129,False,39999,0.6,False,,1,0.44,40
0.015,True,100,True,33050,1.0,True,2,1,0.48,40
0.015,True,101,True,35550,1.0,True,2,1,0.44,40
0.015,True,102,False,39999,0.725,False,,1,0.4,40
0.015,True,103,False,39999,0.8,False,,1,0.72,40
0.015,True,104,True,12800,1.0,True,2,1,0.4,40
0.015,True,105,True,4050,1.0,True,2,1,0.4,40
0.015,True,106,False,39999,1.0,True,2,1,0.64,40
0.015,True,107,True,34350,1.0,True,2,1,0.52,40
0.015,True,108,False,39999,0.625,False,,1,0.4,40
0.015,True,109,True,2500,1.0,True,2,1,0.44,40
0.015,True,110,False,39999,0.575,False,,1,0.64,40
0.015,True,111,False,39999,0.55,False,,1,0.44,40
0.015,True,112,True,6100,1.0,True,2,1,0.48,40
0.015,True,113,True,15100,1.0,True,2,1,0.64,40
0.015,True,114,False,39999,0.725,False,,1,0.32,40
0.015,True,115,True,29300,1.0,True,1,1,0.48,40
0.015,True,116,True,15750,1.0,True,2,1,0.48,40
0.015,True,117,True,16550,1.0,True,2,1,0.56,40
0.015,True,118,False,39999,0.65,False,,1,0.48,40
0.015,True,119,True,14800,1.0,True,2,1,0.44,40
0.015,True,120,True,27800,1.0,True,2,1,0.6,40
0.015,True,121,True,30200,1.0,True,2,1,0.6,40
0.015,True,122,True,33800,1.0,True,2,1,0.32,40
0.015,True,123,False,39999,0.55,False,,1,0.24,40
0.015,True,124,True,8500,1.0,True,2,1,0.48,40
0.015,True,125,True,26050,1.0,True,2,1,0.56,40
0.015,True,126,False,39999,1.0,True,2,1,0.44,40
0.015,True,127,False,39999,0.55,False,,1,0.56,40
0.015,True,128,True,28700,1.0,True,2,1,0.4,40
0.015,True,129,True,2650,1.0,True,2,1,0.64,40
0.02,False,100,False,39999,0.625,False,,1,0.32,40
0.02,False,101,False,39999,0.65,False,,1,0.6,40
0.02,False,102,False,39999,0.575,False,,1,0.44,40
0.02,False,103,False,39999,1.0,True,2,1,0.44,40
0.02,False,104,False,39999,0.525,False,,1,0.56,40
0.02,False,105,False,39999,0.725,False,,1,0.56,40
0.02,False,106,False,39999,0.6,False,,1,0.4,40
0.02,False,107,False,39999,0.6,False,,1,0.44,40
0.02,False,108,False,39999,0.75,False,,1,0.56,40
0.02,False,109,False,39999,1.0,True,2,1,0.52,40
0.02,False,110,False,39999,0.6,False,,1,0.72,40
0.02,False,111,False,39999,0.5,False,,1,0.56,40
0.02,False,112,False,39999,0.45,False,,1,0.64,40
0.02,False,113,False,39999,0.5,False,,1,0.48,40
0.02,False,114,False,39999,0.775,False,,1,0.32,40
0.02,False,115,False,39999,1.0,True,2,1,0.32,40
0.02,False,116,False,39999,0.45,False,,1,0.48,40
0.02,False,117,False,39999,0.6,False,,1,0.6,40
0.02,False,118,False,39999,1.0,True,2,1,0.32,40
0.02,False,119,False,39999,0.725,False,,1,0.48,40
0.02,False,120,False,39999,0.875,False,,1,0.32,40
0.02,False,121,False,39999,0.625,False,,1,0.36,40
0.02,False,122,False,39999,0.675,False,,1,0.4,40
0.02,False,123,False,39999,0.425,False,,1,0.6,40
0.02,False,124,False,39999,0.65,False,,1,0.32,40
0.02,False,125,False,39999,0.625,False,,1,0.6,40
0.02,False,126,False,39999,0.8,False,,1,0.64,40
0.02,False,127,False,39999,0.625,False,,1,0.4,40
0.02,False,128,False,39999,0.725,False,,1,0.28,40
0.02,False,129,False,39999,0.725,False,,1,0.68,40
0.02,True,100,True,33250,1.0,True,2,1,0.56,40
0.02,True,101,False,39999,1.0,True,2,1,0.56,40
0.02,True,102,False,39999,0.6,False,,1,0.48,40
0.02,True,103,False,39999,0.5,False,,1,0.6,40
0.02,True,104,False,39999,0.675,False,,1,0.52,40
0.02,True,105,True,3250,1.0,True,2,1,0.52,40
0.02,True,106,False,39999,0.85,False,,1,0.48,40
0.02,True,107,True,34750,1.0,True,2,1,0.4,40
0.02,True,108,False,39999,0.525,False,,1,0.56,40
0.02,True,109,True,2750,1.0,True,2,1,0.48,40
0.02,True,110,False,39999,1.0,True,2,1,0.52,40
0.02,True,111,False,39999,0.55,False,,1,0.36,40
0.02,True,112,False,39999,1.0,True,2,1,0.44,40
0.02,True,113,False,39999,0.75,False,,1,0.4,40
0.02,True,114,False,39999,0.725,False,,1,0.68,40
0.02,True,115,False,39999,0.9,False,,1,0.44,40
0.02,True,116,False,39999,1.0,True,2,1,0.48,40
0.02,True,117,False,39999,0.6,False,,1,0.64,40
0.02,True,118,False,39999,1.0,True,2,1,0.48,40
0.02,True,119,True,38900,1.0,True,2,1,0.48,40
0.02,True,120,True,31050,1.0,True,2,1,0.44,40
0.02,True,121,False,39999,1.0,True,2,1,0.4,40
0.02,True,122,False,39999,0.675,False,,1,0.36,40
0.02,True,123,False,39999,0.575,False,,1,0.52,40
0.02,True,124,False,39999,1.0,True,2,1,0.6,40
0.02,True,125,True,25950,1.0,True,2,1,0.4,40
0.02,True,126,False,39999,0.55,False,,1,0.6,40
0.02,True,127,False,39999,0.475,False,,1,0.56,40
0.02,True,128,False,39999,0.675,False,,1,0.36,40
0.02,True,129,True,950,1.0,True,2,1,0.6,40
0.03,False,100,False,39999,0.65,False,,1,0.44,40
0.03,False,101,False,39999,0.575,False,,1,0.48,40
0.03,False,102,False,39999,0.475,False,,1,0.52,40
0.03,False,103,False,39999,0.575,False,,1,0.68,40
0.03,False,104,False,39999,1.0,True,2,1,0.6,40
0.03,False,105,False,39999,0.65,False,,1,0.48,40
0.03,False,106,False,39999,0.65,False,,1,0.48,40
0.03,False,107,False,39999,0.7,False,,1,0.52,40
0.03,False,108,False,39999,0.625,False,,1,0.6,40
0.03,False,109,False,39999,0.65,False,,1,0.44,40
0.03,False,110,False,39999,0.6,False,,1,0.44,40
0.03,False,111,False,39999,0.5,False,,1,0.44,40
0.03,False,112,False,39999,0.675,False,,1,0.56,40
0.03,False,113,False,39999,1.0,True,2,1,0.44,40
0.03,False,114,False,39999,0.625,False,,1,0.6,40
0.03,False,115,False,39999,1.0,True,2,1,0.52,40
0.03,False,116,False,39999,0.75,False,,1,0.48,40
0.03,False,117,False,39999,0.675,False,,1,0.56,40
0.03,False,118,False,39999,0.65,False,,1,0.56,40
0.03,False,119,False,39999,0.55,False,,1,0.56,40
0.03,False,120,False,39999,0.625,False,,1,0.56,40
0.03,False,121,False,39999,0.625,False,,1,0.48,40
0.03,False,122,False,39999,0.775,False,,1,0.44,40
0.03,False,123,False,39999,0.65,False,,1,0.32,40
0.03,False,124,False,39999,0.6,False,,1,0.68,40
0.03,False,125,False,39999,0.675,False,,1,0.48,40
0.03,False,126,False,39999,0.65,False,,1,0.36,40
0.03,False,127,False,39999,0.85,False,,1,0.44,40
0.03,False,128,False,39999,0.6,False,,1,0.64,40
0.03,False,129,False,39999,0.65,False,,1,0.56,40
0.03,True,100,False,39999,0.55,False,,1,0.4,40
0.03,True,101,False,39999,0.675,False,,1,0.52,40
0.03,True,102,False,39999,0.75,False,,1,0.64,40
0.03,True,103,False,39999,0.85,False,,1,0.32,40
0.03,True,104,False,39999,0.625,False,,1,0.6,40
0.03,True,105,False,39999,1.0,True,2,1,0.44,40
0.03,True,106,False,39999,0.625,False,,1,0.56,40
0.03,True,107,False,39999,0.525,False,,1,0.32,40
0.03,True,108,False,39999,0.7,False,,1,0.28,40
0.03,True,109,False,39999,0.825,False,,1,0.48,40
0.03,True,110,False,39999,0.7,False,,1,0.64,40
0.03,True,111,False,39999,0.675,False,,1,0.36,40
0.03,True,112,False,39999,0.625,False,,1,0.48,40
0.03,True,113,False,39999,0.525,False,,1,0.4,40
0.03,True,114,False,39999,0.6,False,,1,0.32,40
0.03,True,115,False,39999,0.7,False,,1,0.56,40
0.03,True,116,False,39999,0.6,False,,1,0.44,40
0.03,True,117,False,39999,0.7,False,,1,0.28,40
0.03,True,118,False,39999,0.8,False,,1,0.24,40
0.03,True,119,False,39999,0.75,False,,1,0.6,40
0.03,True,120,False,39999,0.65,False,,1,0.6,40
0.03,True,121,False,39999,0.75,False,,1,0.56,40
0.03,True,122,False,39999,0.6,False,,1,0.56,40
0.03,True,123,False,39999,0.5,False,,1,0.4,40
0.03,True,124,False,39999,0.75,False,,1,0.24,40
0.03,True,125,False,39999,0.625,False,,1,0.64,40
0.03,True,126,False,39999,0.525,False,,1,0.52,40
0.03,True,127,False,39999,0.65,False,,1,0.4,40
0.03,True,128,False,39999,0.625,False,,1,0.48,40
0.03,True,129,False,39999,0.825,False,,1,0.68,40
0.05,False,100,False,39999,0.7,False,,1,0.56,40
0.05,False,101,False,39999,0.575,False,,1,0.6,40
0.05,False,102,False,39999,0.45,False,,1,0.44,40
0.05,False,103,False,39999,0.525,False,,1,0.52,40
0.05,False,104,False,39999,0.625,False,,1,0.44,40
0.05,False,105,False,39999,0.625,False,,1,0.4,40
0.05,False,106,False,39999,0.8,False,,1,0.52,40
0.05,False,107,False,39999,0.575,False,,1,0.52,40
0.05,False,108,False,39999,0.45,False,,1,0.52,40
0.05,False,109,False,39999,0.425,False,,1,0.44,40
0.05,False,110,False,39999,0.75,False,,1,0.4,40
0.05,False,111,False,39999,0.7,False,,1,0.48,40
0.05,False,112,False,39999,0.725,False,,1,0.6,40
0.05,False,113,False,39999,0.6,False,,1,0.48,40
0.05,False,114,False,39999,0.45,False,,1,0.52,40
0.05,False,115,False,39999,0.725,False,,1,0.4,40
0.05,False,116,False,39999,0.65,False,,1,0.52,40
0.05,False,117,False,39999,0.525,False,,1,0.6,40
0.05,False,118,False,39999,0.75,False,,1,0.48,40
0.05,False,119,False,39999,0.725,False,,1,0.48,40
0.05,False,120,False,39999,0.625,False,,1,0.48,40
0.05,False,121,False,39999,0.575,False,,1,0.4,40
0.05,False,122,False,39999,0.65,False,,1,0.64,40
0.05,False,123,False,39999,0.775,False,,1,0.6,40
0.05,False,124,False,39999,0.6,False,,1,0.4,40
0.05,False,125,False,39999,0.65,False,,1,0.52,40
0.05,False,126,False,39999,0.375,False,,1,0.36,40
0.05,False,127,False,39999,0.525,False,,1,0.64,40
0.05,False,128,False,39999,0.525,False,,1,0.4,40
0.05,False,129,False,39999,0.825,False,,1,0.28,40
0.05,True,100,False,39999,0.6,False,,1,0.6,40
0.05,True,101,False,39999,0.775,False,,1,0.48,40
0.05,True,102,False,39999,0.65,False,,1,0.36,40
0.05,True,103,False,39999,0.8,False,,1,0.64,40
0.05,True,104,False,39999,0.65,False,,1,0.44,40
0.05,True,105,False,39999,0.9,False,,1,0.48,40
0.05,True,106,False,39999,0.7,False,,1,0.56,40
0.05,True,107,False,39999,0.9,False,,1,0.56,40
0.05,True,108,False,39999,0.8,False,,1,0.44,40
0.05,True,109,False,39999,0.65,False,,1,0.52,40
0.05,True,110,False,39999,0.575,False,,1,0.6,40
0.05,True,111,False,39999,0.7,False,,1,0.44,40
0.05,True,112,False,39999,0.65,False,,1,0.6,40
0.05,True,113,False,39999,0.5,False,,1,0.68,40
0.05,True,114,False,39999,0.575,False,,1,0.6,40
0.05,True,115,False,39999,0.55,False,,1,0.64,40
0.05,True,116,False,39999,0.65,False,,1,0.56,40
0.05,True,117,False,39999,0.8,False,,1,0.52,40
0.05,True,118,False,39999,0.9,False,,1,0.56,40
0.05,True,119,False,39999,0.9,False,,1,0.4,40
0.05,True,120,False,39999,0.575,False,,1,0.28,40
0.05,True,121,False,39999,0.55,False,,1,0.6,40
0.05,True,122,False,39999,0.75,False,,1,0.48,40
0.05,True,123,False,39999,0.4,False,,1,0.52,40
0.05,True,124,False,39999,0.725,False,,1,0.52,40
0.05,True,125,False,39999,0.575,False,,1,0.52,40
0.05,True,126,False,39999,0.575,False,,1,0.4,40
0.05,True,127,False,39999,0.675,False,,1,0.64,40
0.05,True,128,False,39999,0.775,False,,1,0.48,40
0.05,True,129,False,39999,0.6,False,,1,0.76,40
