noise,inertia,repeats,conv_rate,conv_lo,conv_hi,consistent_rate,consistent_lo,consistent_hi,signs_retained,signs_retained_ci,mean_steps_converged,mean_final_balance,mean_triangles,mean_components
0.0,False,30,1.0,0.8864829086095221,1.0,1.0,0.8864829086095221,1.0,0.5383333333333333,0.03690331366404612,911.6666666666666,1.0,22.0,1.0
0.0,True,30,1.0,0.8864829086095221,1.0,1.0,0.8864829086095221,1.0,0.5616666666666668,0.036602956143833965,1138.3333333333333,1.0,22.0,1.0
0.002,False,30,1.0,0.8864829086095221,1.0,1.0,0.8864829086095221,1.0,0.5266666666666667,0.04247966202577128,1885.0,1.0,22.0,1.0
0.002,True,30,1.0,0.8864829086095221,1.0,1.0,0.8864829086095221,1.0,0.5216666666666667,0.04920981897472195,1640.0,1.0,22.0,1.0
0.005,False,30,1.0,0.8864829086095221,1.0,1.0,0.8864829086095221,1.0,0.515,0.041271420074217566,4573.333333333333,1.0,22.0,1.0
0.005,True,30,1.0,0.8864829086095221,1.0,1.0,0.8864829086095221,1.0,0.5216666666666667,0.047613644652432584,2413.3333333333335,1.0,22.0,1.0
0.01,False,30,0.6666666666666666,0.48779725813830266,0.807697044731538,1.0,0.8388698745050667,1.0,0.48000000000000004,0.04422810257597837,18465.0,0.9651515151515151,22.0,1.0
0.01,True,30,1.0,0.8864829086095221,1.0,1.0,0.8864829086095221,1.0,0.48500000000000004,0.041802947704457506,4580.0,1.0,22.0,1.0
0.015,False,30,0.03333333333333333,0.0059084379948573795,0.16670751396958874,1.0,0.20654329147389294,1.0,0.525,0.03476750365420025,6300.0,0.8287878787878787,22.0,1.0
0.015,True,30,0.9666666666666667,0.8332924860304112,0.9940915620051425,1.0,0.8830264055344442,1.0,0.49833333333333335,0.04733461063518611,13744.827586206897,1.0,22.0,1.0
0.02,False,30,0.06666666666666667,0.01847663532769335,0.21323817721072091,1.0,0.34237195288961925,1.0,0.5316666666666667,0.030626032549643127,22350.0,0.8363636363636363,22.0,1.0
0.02,True,30,0.5,0.33153851227173764,0.6684614877282624,1.0,0.7961107336956521,1.0,0.5116666666666666,0.040333515721065714,16540.0,0.9257575757575758,22.0,1.0
0.03,False,30,0.0,0.0,0.113517091390478,nan,nan,nan,0.5316666666666667,0.03499957087859541,nan,0.7090909090909091,22.0,1.0
0.03,True,30,0.0,0.0,0.113517091390478,nan,nan,nan,0.4966666666666667,0.03607131293504906,nan,0.7742424242424242,22.0,1.0
0.05,False,30,0.0,0.0,0.113517091390478,nan,nan,nan,0.48333333333333334,0.036798467401036344,nan,0.696969696969697,22.0,1.0
0.05,True,30,0.0,0.0,0.113517091390478,nan,nan,nan,0.5633333333333332,0.035141217026443704,nan,0.7090909090909091,22.0,1.0
