noise,inertia,percentile,positive_edges,edges,repeats,conv_rate,conv_lo,conv_hi,consistent_rate,consistent_lo,consistent_hi,signs_retained,signs_retained_ci,mean_steps_converged,mean_final_balance,mean_triangles,mean_components
0.0,False,40,12,20,30,1.0,0.8864829086095221,1.0,1.0,0.8864829086095221,1.0,0.5850000000000001,0.02977311137451946,913.3333333333334,1.0,22.0,1.0
0.0,True,40,12,20,30,1.0,0.8864829086095221,1.0,1.0,0.8864829086095221,1.0,0.565,0.043864697925985206,1106.6666666666667,1.0,22.0,1.0
0.005,False,40,12,20,30,1.0,0.8864829086095221,1.0,1.0,0.8864829086095221,1.0,0.48833333333333334,0.04246666666666667,5038.333333333333,1.0,22.0,1.0
0.005,True,40,12,20,30,1.0,0.8864829086095221,1.0,1.0,0.8864829086095221,1.0,0.5399999999999999,0.03711707479556155,2386.6666666666665,1.0,22.0,1.0
0.01,False,40,12,20,30,0.7666666666666667,0.5907132766967574,0.8820776078949878,1.0,0.8568788745827374,1.0,0.5116666666666666,0.035686719038163374,20002.17391304348,0.9878787878787879,22.0,1.0
0.01,True,40,12,20,30,1.0,0.8864829086095221,1.0,1.0,0.8864829086095221,1.0,0.5166666666666667,0.0336651985568143,4590.0,1.0,22.0,1.0
0.015,False,40,12,20,30,0.06666666666666667,0.01847663532769335,0.21323817721072091,1.0,0.34237195288961925,1.0,0.5333333333333333,0.03588722224283336,10500.0,0.8439393939393939,22.0,1.0
0.015,True,40,12,20,30,0.9333333333333333,0.7867618227892791,0.9815233646723066,1.0,0.8793527963418923,1.0,0.48000000000000004,0.040310701354332214,12646.42857142857,0.9878787878787879,22.0,1.0
0.02,False,40,12,20,30,0.03333333333333333,0.0059084379948573795,0.16670751396958874,1.0,0.20654329147389294,1.0,0.48333333333333334,0.039405972280112514,12150.0,0.8181818181818182,22.0,1.0
0.02,True,40,12,20,30,0.5,0.33153851227173764,0.6684614877282624,1.0,0.7961107336956521,1.0,0.48500000000000004,0.035521358315128156,14026.666666666666,0.8878787878787879,22.0,1.0
0.03,False,40,12,20,30,0.03333333333333333,0.0059084379948573795,0.16670751396958874,1.0,0.20654329147389294,1.0,0.5116666666666666,0.039782360017756306,11950.0,0.7409090909090909,22.0,1.0
0.03,True,40,12,20,30,0.03333333333333333,0.0059084379948573795,0.16670751396958874,1.0,0.20654329147389294,1.0,0.5133333333333333,0.03957369767778492,23750.0,0.7772727272727272,22.0,1.0
0.0,False,50,10,20,30,1.0,0.8864829086095221,1.0,1.0,0.8864829086095221,1.0,0.5383333333333333,0.03690331366404612,911.6666666666666,1.0,22.0,1.0
0.0,True,50,10,20,30,1.0,0.8864829086095221,1.0,1.0,0.8864829086095221,1.0,0.5616666666666668,0.036602956143833965,1138.3333333333333,1.0,22.0,1.0
0.005,False,50,10,20,30,1.0,0.8864829086095221,1.0,1.0,0.8864829086095221,1.0,0.515,0.041271420074217566,4573.333333333333,1.0,22.0,1.0
0.005,True,50,10,20,30,1.0,0.8864829086095221,1.0,1.0,0.8864829086095221,1.0,0.5216666666666667,0.047613644652432584,2413.3333333333335,1.0,22.0,1.0
0.01,False,50,10,20,30,0.6666666666666666,0.48779725813830266,0.807697044731538,1.0,0.8388698745050667,1.0,0.48000000000000004,0.04422810257597837,18465.0,0.9651515151515151,22.0,1.0
0.01,True,50,10,20,30,1.0,0.8864829086095221,1.0,1.0,0.8864829086095221,1.0,0.48500000000000004,0.041802947704457506,4580.0,1.0,22.0,1.0
0.015,False,50,10,20,30,0.03333333333333333,0.0059084379948573795,0.16670751396958874,1.0,0.20654329147389294,1.0,0.525,0.03476750365420025,6300.0,0.8287878787878787,22.0,1.0
0.015,True,50,10,20,30,0.9666666666666667,0.8332924860304112,0.9940915620051425,1.0,0.8830264055344442,1.0,0.49833333333333335,0.04733461063518611,13744.827586206897,1.0,22.0,1.0
0.02,False,50,10,20,30,0.06666666666666667,0.01847663532769335,0.21323817721072091,1.0,0.34237195288961925,1.0,0.5316666666666667,0.030626032549643127,22350.0,0.8363636363636363,22.0,1.0
0.02,True,50,10,20,30,0.5,0.33153851227173764,0.6684614877282624,1.0,0.7961107336956521,1.0,0.5116666666666666,0.040333515721065714,16540.0,0.9257575757575758,22.0,1.0
0.03,False,50,10,20,30,0.0,0.0,0.113517091390478,nan,nan,nan,0.5316666666666667,0.03499957087859541,nan,0.7090909090909091,22.0,1.0
0.03,True,50,10,20,30,0.0,0.0,0.113517091390478,nan,nan,nan,0.4966666666666667,0.03607131293504906,nan,0.7742424242424242,22.0,1.0
0.0,False,60,8,20,30,1.0,0.8864829086095221,1.0,1.0,0.8864829086095221,1.0,0.5683333333333334,0.05284429379765786,953.3333333333334,1.0,22.0,1.0
0.0,True,60,8,20,30,1.0,0.8864829086095221,1.0,1.0,0.8864829086095221,1.0,0.615,0.04772171726636181,1013.3333333333334,1.0,22.0,1.0
0.005,False,60,8,20,30,1.0,0.8864829086095221,1.0,1.0,0.8864829086095221,1.0,0.47,0.03834586701642537,4195.0,1.0,22.0,1.0
0.005,True,60,8,20,30,1.0,0.8864829086095221,1.0,1.0,0.8864829086095221,1.0,0.5483333333333333,0.04543060726677943,2515.0,1.0,22.0,1.0
0.01,False,60,8,20,30,0.8,0.6269395261897256,0.9049502189759876,1.0,0.8620194241710247,1.0,0.5166666666666667,0.0336651985568143,19285.416666666668,0.9575757575757575,22.0,1.0
0.01,True,60,8,20,30,1.0,0.8864829086095221,1.0,1.0,0.8864829086095221,1.0,0.545,0.04890980204041092,5278.333333333333,1.0,22.0,1.0
0.015,False,60,8,20,30,0.06666666666666667,0.01847663532769335,0.21323817721072091,1.0,0.34237195288961925,1.0,0.5283333333333333,0.05371450142033572,11900.0,0.8287878787878787,22.0,1.0
0.015,True,60,8,20,30,0.9333333333333333,0.7867618227892791,0.9815233646723066,1.0,0.8793527963418923,1.0,0.5383333333333334,0.037496811614136656,13603.57142857143,1.0,22.0,1.0
0.02,False,60,8,20,30,0.0,0.0,0.113517091390478,nan,nan,nan,0.455,0.04490924181056723,nan,0.8439393939393939,22.0,1.0
0.02,True,60,8,20,30,0.5,0.33153851227173764,0.6684614877282624,1.0,0.7961107336956521,1.0,0.4716666666666667,0.035686719038163374,17266.666666666668,0.8984848484848484,22.0,1.0
0.03,False,60,8,20,30,0.0,0.0,0.113517091390478,nan,nan,nan,0.5133333333333333,0.0369780218456431,nan,0.7136363636363636,22.0,1.0
0.03,True,60,8,20,30,0.03333333333333333,0.0059084379948573795,0.16670751396958874,1.0,0.20654329147389294,1.0,0.5133333333333333,0.0351412170264437,23850.0,0.8136363636363637,22.0,1.0
